citekey,entry_type,title,year,doi,source_bibliographies,bibliographic_status,reading_status,pdf_status,note_path,pdf_path
hohenberg1964,article,Inhomogeneous Electron Gas,1964,10.1103/PhysRev.136.B864,docs/publications/research-monograph/references.bib,imported-unverified,unread-or-unknown,located-local-copy,20_references/ksdft2effmass/hohenberg1964.md,assets/references/ksdft2effmass/hohenberg1964.pdf
kohn1965,article,Self-Consistent Equations Including Exchange and Correlation Effects,1965,10.1103/PhysRev.140.A1133,docs/publications/research-monograph/references.bib;docs/publications/papers/ksdft2effmass.P91/references.bib,imported-unverified,unread-or-unknown,located-local-copy,20_references/ksdft2effmass/kohn1965.md,assets/references/ksdft2effmass/kohn1965.pdf
perdew1996,article,Generalized Gradient Approximation Made Simple,1996,10.1103/PhysRevLett.77.3865,docs/publications/research-monograph/references.bib;docs/publications/papers/ksdft2effmass.P01/latex/references.bib;docs/publications/papers/ksdft2effmass.P91/references.bib,imported-unverified,unread-or-unknown,located-local-copy,20_references/ksdft2effmass/perdew1996.md,assets/references/ksdft2effmass/perdew1996.pdf
giannozzi2009,article,QUANTUM ESPRESSO: A Modular and Open-Source Software Project for Quantum Simulations of Materials,2009,10.1088/0953-8984/21/39/395502,docs/publications/research-monograph/references.bib;docs/publications/papers/ksdft2effmass.P01/latex/references.bib;docs/publications/papers/ksdft2effmass.P91/references.bib,imported-unverified,unread-or-unknown,located-local-copy,20_references/ksdft2effmass/giannozzi2009.md,assets/references/ksdft2effmass/giannozzi2009.pdf
hamann2013,article,Optimized Norm-Conserving Vanderbilt Pseudopotentials,2013,10.1103/PhysRevB.88.085117,docs/publications/research-monograph/references.bib;docs/publications/papers/ksdft2effmass.P01/latex/references.bib;docs/publications/papers/ksdft2effmass.P91/references.bib,imported-unverified,unread-or-unknown,not-located,20_references/ksdft2effmass/hamann2013.md,
vansetten2018,article,The PseudoDojo: Training and Grading a 85 Element Optimized Norm-Conserving Pseudopotential Table,2018,10.1016/j.cpc.2018.01.012,docs/publications/research-monograph/references.bib;docs/publications/papers/ksdft2effmass.P01/latex/references.bib;docs/publications/papers/ksdft2effmass.P91/references.bib,imported-unverified,unread-or-unknown,not-located,20_references/ksdft2effmass/vansetten2018.md,
monkhorst1976,article,Special Points for Brillouin-Zone Integrations,1976,10.1103/PhysRevB.13.5188,docs/publications/research-monograph/references.bib,imported-unverified,unread-or-unknown,not-located,20_references/ksdft2effmass/monkhorst1976.md,
wannier1937,article,The Structure of Electronic Excitation Levels in Insulating Crystals,1937,10.1103/PhysRev.52.191,docs/publications/research-monograph/references.bib;docs/publications/papers/ksdft2effmass.P01/latex/references.bib,imported-unverified,unread-or-unknown,not-located,20_references/ksdft2effmass/wannier1937.md,
kohn1959,article,Analytic Properties of Bloch Waves and Wannier Functions,1959,10.1103/PhysRev.115.809,docs/publications/research-monograph/references.bib;docs/publications/papers/ksdft2effmass.P01/latex/references.bib,imported-unverified,unread-or-unknown,not-located,20_references/ksdft2effmass/kohn1959.md,
marzari2012,article,Maximally Localized Wannier Functions: Theory and Applications,2012,10.1103/RevModPhys.84.1419,docs/publications/research-monograph/references.bib;docs/publications/papers/ksdft2effmass.P01/latex/references.bib;docs/publications/papers/ksdft2effmass.P91/references.bib,imported-unverified,unread-or-unknown,not-located,20_references/ksdft2effmass/marzari2012.md,
souza2001,article,Maximally Localized Wannier Functions for Entangled Energy Bands,2001,10.1103/PhysRevB.65.035109,docs/publications/research-monograph/references.bib;docs/publications/papers/ksdft2effmass.P01/latex/references.bib;docs/publications/papers/ksdft2effmass.P91/references.bib,imported-unverified,unread-or-unknown,located-local-copy,20_references/ksdft2effmass/souza2001.md,assets/references/ksdft2effmass/souza2001.pdf
pizzi2020,article,Wannier90 as a Community Code: New Features and Applications,2020,10.1088/1361-648X/ab51ff,docs/publications/research-monograph/references.bib;docs/publications/papers/ksdft2effmass.P01/latex/references.bib;docs/publications/papers/ksdft2effmass.P91/references.bib,imported-unverified,unread-or-unknown,not-located,20_references/ksdft2effmass/pizzi2020.md,
bjork1973,article,Numerical Methods for Computing Angles Between Linear Subspaces,1973,10.1090/S0025-5718-1973-0348991-3,docs/publications/research-monograph/references.bib;docs/publications/papers/ksdft2effmass.P01/latex/references.bib;docs/publications/papers/ksdft2effmass.P91/references.bib,imported-unverified,unread-or-unknown,not-located,20_references/ksdft2effmass/bjork1973.md,
higham1986,article,Computing the Polar Decomposition-with Applications,1986,10.1137/0907079,docs/publications/research-monograph/references.bib;docs/publications/papers/ksdft2effmass.P01/latex/references.bib;docs/publications/papers/ksdft2effmass.P91/references.bib,imported-unverified,unread-or-unknown,not-located,20_references/ksdft2effmass/higham1986.md,
slater1954,article,Simplified LCAO Method for the Periodic Potential Problem,1954,10.1103/PhysRev.94.1498,docs/publications/research-monograph/references.bib;docs/publications/papers/ksdft2effmass.P01/latex/references.bib;docs/publications/papers/ksdft2effmass.P91/references.bib,imported-unverified,unread-or-unknown,not-located,20_references/ksdft2effmass/slater1954.md,
vogl1983,article,A Semi-Empirical Tight-Binding Theory of the Electronic Structure of Semiconductors,1983,10.1016/0022-3697(83)90064-1,docs/publications/research-monograph/references.bib;docs/publications/papers/ksdft2effmass.P01/latex/references.bib;docs/publications/papers/ksdft2effmass.P91/references.bib,imported-unverified,unread-or-unknown,not-located,20_references/ksdft2effmass/vogl1983.md,
feshbach1958,article,Unified Theory of Nuclear Reactions,1958,10.1016/0003-4916(58)90007-1,docs/publications/research-monograph/references.bib,imported-unverified,unread-or-unknown,not-located,20_references/ksdft2effmass/feshbach1958.md,
feshbach1962,article,A Unified Theory of Nuclear Reactions. II,1962,10.1016/0003-4916(62)90221-X,docs/publications/research-monograph/references.bib,imported-unverified,unread-or-unknown,not-located,20_references/ksdft2effmass/feshbach1962.md,
davis1970,article,The Rotation of Eigenvectors by a Perturbation. III,1970,10.1137/0707001,docs/publications/research-monograph/references.bib,imported-unverified,unread-or-unknown,not-located,20_references/ksdft2effmass/davis1970.md,
nielsenchuang2010,book,Quantum Computation and Quantum Information: 10th Anniversary Edition,2010,,docs/publications/research-monograph/references.bib,imported-unverified,unread-or-unknown,located-local-copy,20_references/ksdft2effmass/nielsenchuang2010.md,assets/references/ksdft2effmass/nielsenchuang2010.pdf
teschl2014,book,"Mathematical Methods in Quantum Mechanics: With Applications to Schr\""odinger Operators",2014,10.1090/gsm/157,docs/publications/research-monograph/references.bib,imported-unverified,unread-or-unknown,not-located,20_references/ksdft2effmass/teschl2014.md,
reedSimon1975,book,"Methods of Modern Mathematical Physics II: Fourier Analysis, Self-Adjointness",1975,,docs/publications/research-monograph/references.bib,imported-unverified,unread-or-unknown,located-local-copy,20_references/ksdft2effmass/reedSimon1975.md,assets/references/ksdft2effmass/reedSimon1975.pdf
schmudgen2012,book,Unbounded Self-adjoint Operators on Hilbert Space,2012,10.1007/978-94-007-4753-1,docs/publications/research-monograph/references.bib,imported-unverified,unread-or-unknown,not-located,20_references/ksdft2effmass/schmudgen2012.md,
simon2005,book,Trace Ideals and Their Applications,2005,10.1090/surv/120,docs/publications/research-monograph/references.bib,imported-unverified,unread-or-unknown,not-located,20_references/ksdft2effmass/simon2005.md,
bonneau2001,article,Self-adjoint Extensions of Operators and the Teaching of Quantum Mechanics,2001,10.1119/1.1328351,docs/publications/research-monograph/references.bib,imported-unverified,unread-or-unknown,not-located,20_references/ksdft2effmass/bonneau2001.md,
angelone2024,article,Classical Echoes of Quantum Boundary Conditions,2024,10.1088/1751-8121/ad7428,docs/publications/research-monograph/references.bib,imported-unverified,unread-or-unknown,not-located,20_references/ksdft2effmass/angelone2024.md,
strikwerda2004,book,Finite Difference Schemes and Partial Differential Equations,2004,10.1137/1.9780898717938,docs/publications/research-monograph/references.bib,imported-unverified,unread-or-unknown,not-located,20_references/ksdft2effmass/strikwerda2004.md,
lowdin1982,article,"Partitioning Technique, Perturbation Theory, and Rational Approximations",1982,10.1002/qua.560210105,docs/publications/research-monograph/references.bib,imported-unverified,unread-or-unknown,not-located,20_references/ksdft2effmass/lowdin1982.md,
perdewLevy1983,article,Physical Content of the Exact Kohn-Sham Orbital Energies: Band Gaps and Derivative Discontinuities,1983,10.1103/PhysRevLett.51.1884,docs/publications/research-monograph/references.bib,imported-unverified,unread-or-unknown,not-located,20_references/ksdft2effmass/perdewLevy1983.md,
shamSchluter1983,article,Density-Functional Theory of the Energy Gap,1983,10.1103/PhysRevLett.51.1888,docs/publications/research-monograph/references.bib,imported-unverified,unread-or-unknown,not-located,20_references/ksdft2effmass/shamSchluter1983.md,
luttingerKohn1955,article,Motion of Electrons and Holes in Perturbed Periodic Fields,1955,10.1103/PhysRev.97.869,docs/publications/research-monograph/references.bib,imported-unverified,reported-read-in-source-project,located-local-copy,20_references/ksdft2effmass/luttingerKohn1955.md,assets/references/ksdft2effmass/luttingerKohn1955.pdf
burt1992,article,The Justification for Applying the Effective-Mass Approximation to Microstructures,1992,10.1088/0953-8984/4/32/003,docs/publications/research-monograph/references.bib,imported-unverified,reported-read-in-source-project,located-local-copy,20_references/ksdft2effmass/burt1992.md,assets/references/ksdft2effmass/burt1992.pdf
burt1999,article,Fundamentals of Envelope Function Theory for Electronic States and Photonic Modes in Nanostructures,1999,10.1088/0953-8984/11/9/002,docs/publications/research-monograph/references.bib,imported-unverified,reported-read-in-source-project,located-local-copy,20_references/ksdft2effmass/burt1999.md,assets/references/ksdft2effmass/burt1999.pdf
foreman1993,article,Effective-Mass Hamiltonian and Boundary Conditions for the Valence Bands of Semiconductor Microstructures,1993,10.1103/PhysRevB.48.4964,docs/publications/research-monograph/references.bib,imported-unverified,unread-or-unknown,not-located,20_references/ksdft2effmass/foreman1993.md,
foreman2005,article,First-Principles Envelope-Function Theory for Lattice-Matched Semiconductor Heterostructures,2005,10.1103/PhysRevB.72.165345,docs/publications/research-monograph/references.bib,imported-unverified,unread-or-unknown,not-located,20_references/ksdft2effmass/foreman2005.md,
ermoneit2026,article,Exact Multivalley Envelope Function Theory of Valley Splitting in Si/SiGe Nanostructures,2026,10.1103/md2x-s44y,docs/publications/research-monograph/references.bib,imported-unverified,reported-read-in-source-project,located-local-copy,20_references/ksdft2effmass/ermoneit2026.md,assets/references/ksdft2effmass/ermoneit2026.pdf
freysoldt2009,article,Fully Ab Initio Finite-Size Corrections for Charged-Defect Supercell Calculations,2009,10.1103/PhysRevLett.102.016402,docs/publications/research-monograph/references.bib,imported-unverified,unread-or-unknown,not-located,20_references/ksdft2effmass/freysoldt2009.md,
freysoldt2014,article,First-Principles Calculations for Point Defects in Solids,2014,10.1103/RevModPhys.86.253,docs/publications/research-monograph/references.bib,imported-unverified,unread-or-unknown,not-located,20_references/ksdft2effmass/freysoldt2014.md,
shankar1994,book,Principles of Quantum Mechanics,1994,10.1007/978-1-4757-0576-8,docs/publications/research-monograph/references.bib,imported-unverified,unread-or-unknown,located-local-copy,20_references/ksdft2effmass/shankar1994.md,assets/references/ksdft2effmass/shankar1994.pdf
kittel2004,book,Introduction to Solid State Physics,2004,,docs/publications/research-monograph/references.bib,imported-unverified,unread-or-unknown,located-local-copy,20_references/ksdft2effmass/kittel2004.md,assets/references/ksdft2effmass/kittel2004.pdf
simon2013,book,The Oxford Solid State Basics,2013,,docs/publications/research-monograph/references.bib,imported-unverified,unread-or-unknown,located-local-copy,20_references/ksdft2effmass/simon2013.md,assets/references/ksdft2effmass/simon2013.pdf
szeLee2012,book,Semiconductor Devices: Physics and Technology,2012,,docs/publications/research-monograph/references.bib,imported-unverified,unread-or-unknown,located-local-copy,20_references/ksdft2effmass/szeLee2012.md,assets/references/ksdft2effmass/szeLee2012.pdf
yuCardona2010,book,Fundamentals of Semiconductors: Physics and Materials Properties,2010,10.1007/978-3-642-00710-1,docs/publications/research-monograph/references.bib,imported-unverified,unread-or-unknown,located-local-copy,20_references/ksdft2effmass/yuCardona2010.md,assets/references/ksdft2effmass/yuCardona2010.pdf
rostgaard2009,misc,The Projector Augmented-Wave Method,2009,10.48550/arXiv.0910.1921,docs/publications/research-monograph/references.bib,imported-unverified,unread-or-unknown,located-local-copy,20_references/ksdft2effmass/rostgaard2009.md,assets/references/ksdft2effmass/rostgaard2009.pdf
blochl1994paw,article,Projector Augmented-Wave Method,1994,10.1103/PhysRevB.50.17953,docs/publications/research-monograph/references.bib,imported-unverified,unread-or-unknown,located-local-copy,20_references/ksdft2effmass/blochl1994paw.md,assets/references/ksdft2effmass/blochl1994paw.pdf
hilbert1902,article,Mathematical Problems,1902,10.1090/S0002-9904-1902-00923-3,docs/publications/research-monograph/references.bib,imported-unverified,unread-or-unknown,not-located,20_references/ksdft2effmass/hilbert1902.md,
nationalResearchCouncil2012,book,"Assessing the Reliability of Complex Models: Mathematical and Statistical Foundations of Verification, Validation, and Uncertainty Quantification",2012,10.17226/13395,docs/publications/research-monograph/references.bib,imported-unverified,unread-or-unknown,located-local-copy,20_references/ksdft2effmass/nationalResearchCouncil2012.md,assets/references/ksdft2effmass/nationalResearchCouncil2012.pdf
paier2006,article,Screened Hybrid Density Functionals Applied to Solids,2006,10.1063/1.2187006,docs/publications/research-monograph/references.bib,imported-unverified,unread-or-unknown,not-located,20_references/ksdft2effmass/paier2006.md,
cawley2010,article,On Over-fitting in Model Selection and Subsequent Selection Bias in Performance Evaluation,2010,,docs/publications/research-monograph/references.bib,imported-unverified,unread-or-unknown,not-located,20_references/ksdft2effmass/cawley2010.md,
sandve2013,article,Ten Simple Rules for Reproducible Computational Research,2013,10.1371/journal.pcbi.1003285,docs/publications/research-monograph/references.bib,imported-unverified,unread-or-unknown,not-located,20_references/ksdft2effmass/sandve2013.md,
giannozzi2017,article,Advanced Capabilities for Materials Modelling with Quantum ESPRESSO,2017,10.1088/1361-648X/aa8f79,docs/publications/research-monograph/references.bib,imported-unverified,unread-or-unknown,not-located,20_references/ksdft2effmass/giannozzi2017.md,
quantumEspressoPwInput,manual,pw.x: Input Description,,,docs/publications/research-monograph/references.bib,imported-unverified,unread-or-unknown,not-located,20_references/ksdft2effmass/quantumEspressoPwInput.md,
marzari1997,article,Maximally Localized Generalized Wannier Functions for Composite Energy Bands,1997,10.1103/PhysRevB.56.12847,docs/publications/research-monograph/references.bib,imported-unverified,unread-or-unknown,located-local-copy,20_references/ksdft2effmass/marzari1997.md,assets/references/ksdft2effmass/marzari1997.pdf
brouder2007,article,Exponential Localization of Wannier Functions in Insulators,2007,10.1103/PhysRevLett.98.046402,docs/publications/research-monograph/references.bib,imported-unverified,unread-or-unknown,not-located,20_references/ksdft2effmass/brouder2007.md,
schonemann1966,article,A Generalized Solution of the Orthogonal Procrustes Problem,1966,10.1007/BF02289451,docs/publications/research-monograph/references.bib,imported-unverified,unread-or-unknown,not-located,20_references/ksdft2effmass/schonemann1966.md,
baldereschiLipari1973,article,Spherical Model of Shallow Acceptor States in Semiconductors,1973,10.1103/PhysRevB.8.2697,docs/publications/research-monograph/references.bib,imported-unverified,unread-or-unknown,not-located,20_references/ksdft2effmass/baldereschiLipari1973.md,
kohnLuttinger1955donor,article,Theory of Donor States in Silicon,1955,10.1103/PhysRev.98.915,docs/publications/research-monograph/references.bib,imported-unverified,unread-or-unknown,not-located,20_references/ksdft2effmass/kohnLuttinger1955donor.md,
demouraUllrich2021,inproceedings,The Lean 4 Theorem Prover and Programming Language,2021,10.1007/978-3-030-79876-5_37,docs/publications/research-monograph/references.bib,imported-unverified,unread-or-unknown,not-located,20_references/ksdft2effmass/demouraUllrich2021.md,
mathlib2020,inproceedings,The Lean Mathematical Library,2020,10.1145/3372885.3373824,docs/publications/research-monograph/references.bib,imported-unverified,unread-or-unknown,not-located,20_references/ksdft2effmass/mathlib2020.md,
nipkowPaulsonWenzel2002,book,Isabelle/HOL: A Proof Assistant for Higher-Order Logic,2002,10.1007/3-540-45949-9,docs/publications/research-monograph/references.bib,imported-unverified,unread-or-unknown,not-located,20_references/ksdft2effmass/nipkowPaulsonWenzel2002.md,
bertotCasteran2004,book,Interactive Theorem Proving and Program Development: Coq'Art: The Calculus of Inductive Constructions,2004,10.1007/978-3-662-07964-5,docs/publications/research-monograph/references.bib,imported-unverified,unread-or-unknown,not-located,20_references/ksdft2effmass/bertotCasteran2004.md,
prodanKohn2005,article,Nearsightedness of Electronic Matter,2005,10.1073/pnas.0505436102,docs/publications/research-monograph/references.bib,imported-unverified,unread-or-unknown,not-located,20_references/ksdft2effmass/prodanKohn2005.md,
kato1995,book,Perturbation Theory for Linear Operators,1995,10.1007/978-3-642-66282-9,docs/publications/research-monograph/references.bib,imported-unverified,unread-or-unknown,located-local-copy,20_references/ksdft2effmass/kato1995.md,assets/references/ksdft2effmass/kato1995.pdf
neumaier2004,article,Complete Search in Continuous Global Optimization and Constraint Satisfaction,2004,10.1017/S0962492904000194,docs/publications/research-monograph/references.bib,imported-unverified,unread-or-unknown,not-located,20_references/ksdft2effmass/neumaier2004.md,
mclachlan1947,book,Theory and Application of Mathieu Functions,1947,,docs/publications/research-monograph/references.bib,imported-unverified,unread-or-unknown,not-located,20_references/ksdft2effmass/mclachlan1947.md,
bornOppenheimer1927,article,Zur Quantentheorie der Molekeln,1927,10.1002/andp.19273892002,docs/publications/research-monograph/references.bib,imported-unverified,unread-or-unknown,not-located,20_references/ksdft2effmass/bornOppenheimer1927.md,
giannozzi2020,article,Quantum ESPRESSO toward the Exascale,2020,10.1063/5.0005082,docs/publications/research-monograph/references.bib,imported-unverified,unread-or-unknown,not-located,20_references/ksdft2effmass/giannozzi2020.md,
carnimeo2023,article,Quantum ESPRESSO: One Further Step toward the Exascale,2023,10.1021/acs.jctc.3c00249,docs/publications/research-monograph/references.bib,imported-unverified,unread-or-unknown,not-located,20_references/ksdft2effmass/carnimeo2023.md,
quantumEspressoDocumentation,misc,Documentation for Quantum ESPRESSO,,,docs/publications/research-monograph/references.bib,imported-unverified,unread-or-unknown,not-located,20_references/ksdft2effmass/quantumEspressoDocumentation.md,
wannier90Website,misc,Wannier90,,,docs/publications/research-monograph/references.bib,imported-unverified,unread-or-unknown,not-located,20_references/ksdft2effmass/wannier90Website.md,
tantardini2024,article,Generating and Grading 34 Optimised Norm-Conserving Vanderbilt Pseudopotentials for Actinides and Super-Heavy Elements in the PseudoDojo,2024,10.1016/j.cpc.2023.109002,docs/publications/research-monograph/references.bib,imported-unverified,unread-or-unknown,not-located,20_references/ksdft2effmass/tantardini2024.md,
pseudodojoRepository,misc,PseudoDojo: Python Package to Generate and Validate Pseudopotentials,,,docs/publications/research-monograph/references.bib,imported-unverified,unread-or-unknown,not-located,20_references/ksdft2effmass/pseudodojoRepository.md,
komsa2012,article,Finite-Size Supercell Correction Schemes for Charged Defect Calculations,2012,10.1103/PhysRevB.86.045112,docs/publications/research-monograph/references.bib,imported-unverified,unread-or-unknown,not-located,20_references/ksdft2effmass/komsa2012.md,
li2025mlreview,article,A Critical Review of Machine Learning Interatomic Potentials and Hamiltonian,2025,10.20517/jmi.2025.17,docs/publications/research-monograph/references.bib,imported-unverified,unread-or-unknown,not-located,20_references/ksdft2effmass/li2025mlreview.md,
zou2026mltbReview,article,Review of Machine Learning Tight-Binding Models: Route to Accurate and Scalable Electronic Simulations,2026,10.1088/1674-1056/ae15ef,docs/publications/research-monograph/references.bib,imported-unverified,unread-or-unknown,not-located,20_references/ksdft2effmass/zou2026mltbReview.md,
gu2024deeptb,article,Deep Learning Tight-Binding Approach for Large-Scale Electronic Simulations at Finite Temperatures with Ab Initio Accuracy,2024,10.1038/s41467-024-51006-4,docs/publications/research-monograph/references.bib,imported-unverified,unread-or-unknown,not-located,20_references/ksdft2effmass/gu2024deeptb.md,
deeptbProject2024,misc,DeePTB: Efficient Deep Learning-Based Tight-Binding Approach,2024,,docs/publications/research-monograph/references.bib,imported-unverified,unread-or-unknown,not-located,20_references/ksdft2effmass/deeptbProject2024.md,
li2022deeph,article,Deep-Learning Density Functional Theory Hamiltonian for Efficient Ab Initio Electronic-Structure Calculation,2022,10.1038/s43588-022-00265-6,docs/publications/research-monograph/references.bib,imported-unverified,unread-or-unknown,not-located,20_references/ksdft2effmass/li2022deeph.md,
yuan2024deephr,misc,Deep Learning Density Functional Theory Hamiltonian in Real Space,2024,10.48550/arXiv.2407.14379,docs/publications/research-monograph/references.bib,imported-unverified,unread-or-unknown,not-located,20_references/ksdft2effmass/yuan2024deephr.md,
yuan2026deephr,article,Deep-Learning Density Functional Theory Hamiltonian in Real Space,2026,10.1103/mbhs-vlby,docs/publications/research-monograph/references.bib,imported-unverified,unread-or-unknown,not-located,20_references/ksdft2effmass/yuan2026deephr.md,
fried2025pointDefects,article,A Machine Learning Approach to Predict Tight-Binding Parameters for Point Defects via the Projected Density of States,2025,10.1038/s41524-025-01634-1,docs/publications/research-monograph/references.bib,imported-unverified,unread-or-unknown,not-located,20_references/ksdft2effmass/fried2025pointDefects.md,
schattauer2022defects,article,Machine Learning Sparse Tight-Binding Parameters for Defects,2022,10.1038/s41524-022-00791-x,docs/publications/research-monograph/references.bib,imported-unverified,unread-or-unknown,not-located,20_references/ksdft2effmass/schattauer2022defects.md,
zhang2024selfConsistency,inproceedings,Self-Consistency Training for Density-Functional-Theory Hamiltonian Prediction,2024,,docs/publications/research-monograph/references.bib,imported-unverified,unread-or-unknown,not-located,20_references/ksdft2effmass/zhang2024selfConsistency.md,
groen2021vecmatk,article,"VECMAtk: A Scalable Verification, Validation and Uncertainty Quantification Toolkit for Scientific Simulations",2021,10.1098/rsta.2020.0221,docs/publications/research-monograph/references.bib,imported-unverified,unread-or-unknown,not-located,20_references/ksdft2effmass/groen2021vecmatk.md,
coveney2021reliability,article,"Reliability and Reproducibility in Computational Science: Implementing Validation, Verification and Uncertainty Quantification In Silico",2021,10.1098/rsta.2020.0409,docs/publications/research-monograph/references.bib,imported-unverified,unread-or-unknown,not-located,20_references/ksdft2effmass/coveney2021reliability.md,
ye2021uqPatterns,article,Uncertainty Quantification Patterns for Multiscale Models,2021,10.1098/rsta.2020.0072,docs/publications/research-monograph/references.bib,imported-unverified,unread-or-unknown,not-located,20_references/ksdft2effmass/ye2021uqPatterns.md,
bect2021discretization,inproceedings,On the Quantification of Discretization Uncertainty: Comparison of Two Paradigms,2021,10.23967/wccm-eccomas.2020.260,docs/publications/research-monograph/references.bib,imported-unverified,unread-or-unknown,not-located,20_references/ksdft2effmass/bect2021discretization.md,
rubel2021effectiveMass,article,Perturbation Approach to Ab Initio Effective Mass Calculations,2021,10.1016/j.cpc.2020.107648,docs/publications/research-monograph/references.bib,imported-unverified,unread-or-unknown,not-located,20_references/ksdft2effmass/rubel2021effectiveMass.md,
martin2020,book,Electronic Structure: Basic Theory and Practical Methods,2020,10.1017/9781108555586,docs/publications/research-monograph/references.bib,imported-unverified,unread-or-unknown,located-local-copy,20_references/ksdft2effmass/martin2020.md,assets/references/ksdft2effmass/martin2020.pdf
yates2007,article,Spectral and Fermi Surface Properties from Wannier Interpolation,2007,10.1103/PhysRevB.75.195121,docs/publications/papers/ksdft2effmass.P01/latex/references.bib;docs/publications/papers/ksdft2effmass.P91/references.bib,imported-unverified,unread-or-unknown,not-located,20_references/ksdft2effmass/yates2007.md,
